timestamp,arbitration_id,extended,remote,error,dlc,data
1779632551.2941043,0x110,0,0,0,8,cgEAAMhBAQA=
1779632551.2942047,0x111,0,0,0,8,0Af0AZg6AAA=
1779632551.2945533,0x120,0,0,0,8,AAABAQAAAAA=
1779632551.294787,0x130,0,0,0,8,AAAAAFVaAAE=
1779632552.3230946,0x130,0,0,0,8,AAAAAFVaAAI=
1779632552.3232195,0x120,0,0,0,8,AAAAAQAAAAA=
1779632553.3443062,0x111,0,0,0,8,0Af0AZg6AAA=
1779632553.344476,0x130,0,0,0,8,AAAAAFVaAAM=
1779632554.3665311,0x111,0,0,0,8,0Af0AZg6AAA=
1779632554.3665814,0x120,0,0,0,8,4C4AAQAAAAA=
1779632555.3924224,0x110,0,0,0,8,cgEAAMhBAQA=
1779632555.3924618,0x111,0,0,0,8,0Af0AZg6AAA=
1779632556.4194844,0x120,0,0,0,8,4C4AAQAAAAA=
1779632556.4196427,0x130,0,0,0,8,AAAAAFVaAAY=
1779632557.4447193,0x110,0,0,0,8,cgEAAMhBAQA=
1779632557.4447556,0x111,0,0,0,8,0Af0AZg6AAA=
1779632558.4746828,0x120,0,0,0,8,4C4AAQAAAAA=
1779632558.4747362,0x130,0,0,0,8,AAAAAFVaAAg=
1779632559.5111156,0x120,0,0,0,8,AAAAAQAAAAA=
1779632559.5313454,0x120,0,0,0,8,AAAAAQAAAAA=
1779632559.5518224,0x120,0,0,0,8,AAAAAQAAAAA=
1779632559.5722532,0x120,0,0,0,8,AAAAAQAAAAA=
1779632559.592839,0x120,0,0,0,8,AAAAAQAAAAA=
1779632559.6130688,0x120,0,0,0,8,AAAAAQAAAAA=
1779632559.6333425,0x120,0,0,0,8,AAAAAQAAAAA=
1779632559.6535637,0x120,0,0,0,8,AAAAAQAAAAA=
1779632559.6737266,0x120,0,0,0,8,AAAAAQAAAAA=
1779632559.6939461,0x120,0,0,0,8,AAAAAQAAAAA=
1779632559.7145512,0x120,0,0,0,8,AAAAAQAAAAA=
1779632559.734859,0x120,0,0,0,8,AAAAAQAAAAA=
1779632559.7550983,0x120,0,0,0,8,AAAAAQAAAAA=
1779632559.7754056,0x120,0,0,0,8,AAAAAQAAAAA=
1779632559.7956572,0x120,0,0,0,8,AAAAAQAAAAA=
1779632559.8158739,0x120,0,0,0,8,AAAAAQAAAAA=
1779632559.8361423,0x120,0,0,0,8,AAAAAQAAAAA=
1779632559.8564222,0x120,0,0,0,8,AAAAAQAAAAA=
1779632559.876667,0x120,0,0,0,8,AAAAAQAAAAA=
1779632559.896967,0x120,0,0,0,8,AAAAAQAAAAA=
1779632559.9172266,0x120,0,0,0,8,AAAAAQAAAAA=
1779632559.9374745,0x120,0,0,0,8,AAAAAQAAAAA=
1779632559.9580936,0x120,0,0,0,8,AAAAAQAAAAA=
1779632559.9786894,0x120,0,0,0,8,AAAAAQAAAAA=
1779632559.998955,0x120,0,0,0,8,AAAAAQAAAAA=
1779632560.01921,0x120,0,0,0,8,AAAAAQAAAAA=
1779632560.0393999,0x120,0,0,0,8,AAAAAQAAAAA=
1779632560.0596387,0x120,0,0,0,8,AAAAAQAAAAA=
1779632560.0798674,0x120,0,0,0,8,AAAAAQAAAAA=
1779632560.100124,0x120,0,0,0,8,AAAAAQAAAAA=
1779632560.1203907,0x120,0,0,0,8,AAAAAQAAAAA=
1779632560.14056,0x120,0,0,0,8,AAAAAQAAAAA=
1779632560.1608274,0x120,0,0,0,8,AAAAAQAAAAA=
1779632560.1811757,0x120,0,0,0,8,AAAAAQAAAAA=
1779632560.201468,0x120,0,0,0,8,AAAAAQAAAAA=
1779632560.2217128,0x120,0,0,0,8,AAAAAQAAAAA=
1779632560.2420237,0x120,0,0,0,8,AAAAAQAAAAA=
1779632560.2623343,0x120,0,0,0,8,AAAAAQAAAAA=
1779632560.2825694,0x120,0,0,0,8,AAAAAQAAAAA=
1779632560.3028114,0x120,0,0,0,8,AAAAAQAAAAA=
1779632560.3230247,0x120,0,0,0,8,AAAAAQAAAAA=
1779632560.343282,0x120,0,0,0,8,AAAAAQAAAAA=
1779632560.3635058,0x120,0,0,0,8,AAAAAQAAAAA=
1779632560.3840268,0x120,0,0,0,8,AAAAAQAAAAA=
1779632560.4041915,0x120,0,0,0,8,AAAAAQAAAAA=
1779632560.4246643,0x120,0,0,0,8,AAAAAQAAAAA=
1779632560.4449365,0x120,0,0,0,8,AAAAAQAAAAA=
1779632560.4652064,0x120,0,0,0,8,AAAAAQAAAAA=
1779632560.485492,0x120,0,0,0,8,AAAAAQAAAAA=
1779632560.5056868,0x120,0,0,0,8,AAAAAQAAAAA=
1779632560.5259147,0x120,0,0,0,8,AAAAAQAAAAA=
1779632560.5461342,0x120,0,0,0,8,AAAAAQAAAAA=
1779632560.5663548,0x120,0,0,0,8,AAAAAQAAAAA=
1779632560.5869386,0x120,0,0,0,8,AAAAAQAAAAA=
1779632560.6071134,0x120,0,0,0,8,AAAAAQAAAAA=
1779632560.6273572,0x120,0,0,0,8,AAAAAQAAAAA=
1779632560.6480274,0x120,0,0,0,8,AAAAAQAAAAA=
1779632560.6682913,0x120,0,0,0,8,AAAAAQAAAAA=
1779632560.6885214,0x120,0,0,0,8,AAAAAQAAAAA=
1779632560.708744,0x120,0,0,0,8,AAAAAQAAAAA=
1779632560.7290373,0x120,0,0,0,8,AAAAAQAAAAA=
1779632560.7491794,0x120,0,0,0,8,AAAAAQAAAAA=
1779632560.7700088,0x120,0,0,0,8,AAAAAQAAAAA=
1779632560.7901306,0x120,0,0,0,8,AAAAAQAAAAA=
1779632560.810345,0x120,0,0,0,8,AAAAAQAAAAA=
1779632560.830567,0x120,0,0,0,8,AAAAAQAAAAA=
1779632560.8511367,0x120,0,0,0,8,AAAAAQAAAAA=
1779632560.871393,0x120,0,0,0,8,AAAAAQAAAAA=
1779632560.8916032,0x120,0,0,0,8,AAAAAQAAAAA=
1779632560.9118183,0x120,0,0,0,8,AAAAAQAAAAA=
1779632560.9320896,0x120,0,0,0,8,AAAAAQAAAAA=
1779632560.9523797,0x120,0,0,0,8,AAAAAQAAAAA=
1779632560.9726849,0x120,0,0,0,8,AAAAAQAAAAA=
1779632560.9928205,0x120,0,0,0,8,AAAAAQAAAAA=
1779632561.0131032,0x120,0,0,0,8,AAAAAQAAAAA=
1779632561.0333805,0x120,0,0,0,8,AAAAAQAAAAA=
1779632561.0535898,0x120,0,0,0,8,AAAAAQAAAAA=
1779632561.0737731,0x120,0,0,0,8,AAAAAQAAAAA=
1779632561.0940046,0x120,0,0,0,8,AAAAAQAAAAA=
1779632561.1142418,0x120,0,0,0,8,AAAAAQAAAAA=
1779632561.1345203,0x120,0,0,0,8,AAAAAQAAAAA=
1779632561.15477,0x120,0,0,0,8,AAAAAQAAAAA=
1779632561.1750324,0x120,0,0,0,8,AAAAAQAAAAA=
1779632561.1928415,0x130,0,0,0,8,AAAAAFVaAFw=
1779632561.1953175,0x120,0,0,0,8,AAAAAQAAAAA=
1779632561.2158735,0x120,0,0,0,8,AAAAAQAAAAA=
1779632561.2361329,0x120,0,0,0,8,AAAAAQAAAAA=
1779632561.2538564,0x130,0,0,0,8,AAAAAFVaAF8=
1779632561.2564647,0x120,0,0,0,8,AAAAAQAAAAA=
1779632561.2767587,0x120,0,0,0,8,AAAAAQAAAAA=
